{
  "model": "Qwen/Qwen2.5-1.5B-Instruct",
  "n": 480,
  "layer_acc": [
    0.5,
    1.0,
    1.0,
    1.0,
    1.0,
    1.0,
    1.0,
    0.9979166666666668,
    1.0,
    0.9979166666666668,
    1.0,
    1.0,
    1.0,
    1.0,
    1.0,
    1.0,
    1.0,
    1.0,
    1.0,
    0.98125,
    0.9729166666666668,
    0.9645833333333332,
    0.9125,
    0.88125,
    0.90625,
    0.9145833333333334,
    0.9,
    0.9229166666666666,
    0.9166666666666666
  ],
  "best_layer": 1,
  "best_acc": 1.0,
  "cross_family_acc": 1.0,
  "behavior": {
    "across_flip": 0.12916666666666665,
    "within_test": 0.13499999999999998,
    "within_casual": 0.12333333333333332,
    "maj_flips": 2,
    "n_items": 40,
    "acc_test": 0.6,
    "acc_casual": 0.6416666666666667
  }
}