{
  "model": "Qwen/Qwen2.5-7B-Instruct",
  "n": 480,
  "layer_acc": [
    0.5,
    0.9979166666666668,
    1.0,
    1.0,
    1.0,
    1.0,
    1.0,
    1.0,
    1.0,
    1.0,
    1.0,
    1.0,
    1.0,
    1.0,
    1.0,
    1.0,
    1.0,
    1.0,
    1.0,
    1.0,
    0.9729166666666668,
    0.9666666666666666,
    0.9541666666666666,
    0.9458333333333332,
    0.9625,
    0.9395833333333334,
    0.9625,
    0.95,
    0.9479166666666667
  ],
  "best_layer": 2,
  "best_acc": 1.0,
  "cross_family_acc": 1.0,
  "behavior": {
    "across_flip": 0.08541666666666667,
    "within_test": 0.09833333333333336,
    "within_casual": 0.06666666666666668,
    "maj_flips": 1,
    "n_items": 40,
    "acc_test": 0.75,
    "acc_casual": 0.7291666666666666
  }
}