{
  "dataset": "aqua_rat",
  "n": 150,
  "majority": 0.26,
  "agreement": 0.35333333333333333,
  "sanity_direct": 0.4933333333333333,
  "layer_acc_cot": [
    0.26,
    0.26,
    0.21333333333333332,
    0.2866666666666666,
    0.2866666666666667,
    0.30666666666666664,
    0.27999999999999997,
    0.2266666666666667,
    0.2066666666666667,
    0.2333333333333333,
    0.21999999999999997,
    0.21333333333333332,
    0.21333333333333332,
    0.18666666666666668,
    0.22000000000000003,
    0.24666666666666667,
    0.16666666666666666,
    0.19333333333333333,
    0.1933333333333333,
    0.18666666666666665,
    0.1733333333333333,
    0.19999999999999998,
    0.1933333333333333,
    0.2066666666666667,
    0.1933333333333333,
    0.2066666666666667,
    0.18666666666666668,
    0.16666666666666666,
    0.22000000000000003
  ],
  "best_layer": 5,
  "best_acc_cot": 0.30666666666666664,
  "overall_oof": 0.30666666666666664,
  "accS_changed": 0.31958762886597936,
  "n_changed": 97,
  "gold_decode": 0.2866666666666667
}