{
  "dataset": "aqua_rat",
  "n": 150,
  "majority": 0.26,
  "agreement": 0.36666666666666664,
  "sanity_direct": 0.8333333333333334,
  "layer_acc_cot": [
    0.26,
    0.16666666666666666,
    0.21333333333333332,
    0.24,
    0.2733333333333333,
    0.21999999999999997,
    0.24,
    0.25999999999999995,
    0.25999999999999995,
    0.15999999999999998,
    0.18000000000000002,
    0.21333333333333332,
    0.26,
    0.29333333333333333,
    0.29333333333333333,
    0.2333333333333333,
    0.2533333333333333,
    0.24,
    0.24666666666666665,
    0.2,
    0.19333333333333336,
    0.25999999999999995,
    0.26666666666666666,
    0.28,
    0.27999999999999997,
    0.23333333333333334,
    0.25999999999999995,
    0.2733333333333333,
    0.23333333333333334
  ],
  "best_layer": 13,
  "best_acc_cot": 0.29333333333333333,
  "overall_oof": 0.29333333333333333,
  "accS_changed": 0.2736842105263158,
  "predForced_on_S": 0.2,
  "n_changed": 95,
  "gold_decode": 0.2733333333333333
}