{
  "dataset": "commonsense_qa",
  "n": 130,
  "majority": 0.25384615384615383,
  "agreement": 0.6615384615384615,
  "sanity_direct": 0.4461538461538462,
  "layer_acc_cot": [
    0.2538461538461539,
    0.21538461538461537,
    0.14615384615384616,
    0.24615384615384617,
    0.18461538461538465,
    0.23076923076923078,
    0.2230769230769231,
    0.21538461538461537,
    0.2076923076923077,
    0.24615384615384617,
    0.2692307692307693,
    0.25384615384615383,
    0.24615384615384617,
    0.2538461538461539,
    0.18461538461538463,
    0.2230769230769231,
    0.2,
    0.27692307692307694,
    0.24615384615384617,
    0.2923076923076923,
    0.2846153846153846,
    0.25384615384615383,
    0.39230769230769236,
    0.423076923076923,
    0.4076923076923077,
    0.36923076923076925,
    0.3230769230769231,
    0.31538461538461543,
    0.33076923076923076
  ],
  "best_layer": 23,
  "best_acc_cot": 0.423076923076923,
  "overall_oof": 0.4230769230769231,
  "accS_changed": 0.2727272727272727,
  "n_changed": 44,
  "gold_decode": 0.4230769230769231
}