{
  "dataset": "aqua_rat",
  "n": 60,
  "majority": 0.26666666666666666,
  "agreement": 0.45,
  "sanity_direct": 0.6166666666666666,
  "layer_acc_cot": [
    0.26666666666666666,
    0.26666666666666666,
    0.18333333333333332,
    0.18333333333333332,
    0.21666666666666665,
    0.25,
    0.18333333333333332,
    0.2333333333333333,
    0.18333333333333335,
    0.2,
    0.13333333333333333,
    0.15000000000000002,
    0.16666666666666666,
    0.11666666666666665,
    0.2333333333333333,
    0.25,
    0.21666666666666665,
    0.2,
    0.19999999999999998,
    0.19999999999999998,
    0.25,
    0.19999999999999998,
    0.2666666666666667,
    0.25,
    0.2333333333333333,
    0.26666666666666666,
    0.25,
    0.25,
    0.3,
    0.2833333333333333,
    0.2833333333333333,
    0.2333333333333333,
    0.3
  ],
  "best_layer": 28,
  "best_acc_cot": 0.3,
  "overall_oof": 0.3,
  "accS_changed": 0.18181818181818182,
  "predForced_on_S": 0.3939393939393939,
  "n_changed": 33,
  "gold_decode": 0.3
}