{
  "dataset": "commonsense_qa",
  "n": 130,
  "majority": 0.25384615384615383,
  "agreement": 0.6538461538461539,
  "sanity_direct": 0.923076923076923,
  "layer_acc_cot": [
    0.2538461538461539,
    0.10769230769230768,
    0.21538461538461542,
    0.15384615384615383,
    0.2,
    0.2230769230769231,
    0.2076923076923077,
    0.23846153846153845,
    0.19230769230769235,
    0.2,
    0.2,
    0.2076923076923077,
    0.1769230769230769,
    0.17692307692307696,
    0.2,
    0.19230769230769232,
    0.2,
    0.23846153846153845,
    0.23076923076923075,
    0.4076923076923077,
    0.4,
    0.46923076923076923,
    0.5384615384615385,
    0.5692307692307692,
    0.5769230769230769,
    0.6153846153846153,
    0.6307692307692306,
    0.5846153846153845,
    0.5153846153846154
  ],
  "best_layer": 26,
  "best_acc_cot": 0.6307692307692306,
  "overall_oof": 0.6307692307692307,
  "accS_changed": 0.2222222222222222,
  "predForced_on_S": 0.6,
  "n_changed": 45,
  "gold_decode": 0.5384615384615384
}